{"stats":{"minecraft:dropped":{"minecraft:wheat_seeds":10},"minecraft:custom":{"minecraft:time_since_rest":8008,"minecraft:crouch_one_cm":377,"minecraft:play_time":8008,"minecraft:sprint_one_cm":29266,"minecraft:damage_taken":30,"minecraft:walk_one_cm":13685,"minecraft:sneak_time":109,"minecraft:mob_kills":1,"minecraft:drop":1,"minecraft:jump":49,"minecraft:damage_dealt":208,"minecraft:leave_game":1,"minecraft:walk_on_water_one_cm":104,"minecraft:time_since_death":8008,"minecraft:total_world_time":8008,"minecraft:fly_one_cm":18314,"minecraft:fall_one_cm":1366},"minecraft:picked_up":{"minecraft:coarse_dirt":1,"minecraft:wheat_seeds":10,"minecraft:poppy":2},"minecraft:mined":{"minecraft:large_fern":4,"minecraft:grass":15,"minecraft:poppy":2,"minecraft:coarse_dirt":1,"minecraft:dead_bush":2,"minecraft:spruce_leaves":4,"minecraft:fern":50},"minecraft:used":{"minecraft:netherite_sword":3,"minecraft:water_bucket":8,"minecraft:poppy":1,"minecraft:spawner":5,"minecraft:axolotl_spawn_egg":38,"minecraft:coarse_dirt":1},"minecraft:killed":{"minecraft:axolotl":1}},"DataVersion":3465}